{"cameraMode":{"drawMode":0,"name":"Shaded","section":"Shading Mode"},"sceneLighting":false,"audioPlay":false,"sceneViewState":{"showFog":true,"showMaterialUpdate":false,"showSkybox":false,"showFlares":true,"showImageEffects":true,"showParticleSystems":true},"in2DMode":false,"pivot":{"x":0.0,"y":-1.8968615531921387,"z":-0.037784039974212649},"rotation":{"x":-0.19583114981651307,"y":-0.09251581877470017,"z":0.018561329692602159,"w":-0.9760873317718506},"size":8.375910758972168,"orthographic":false}