{"cameraMode":{"drawMode":0,"name":"Shaded","section":"Shading Mode"},"sceneLighting":false,"audioPlay":false,"sceneViewState":{"showFog":true,"showMaterialUpdate":false,"showSkybox":false,"showFlares":true,"showImageEffects":true,"showParticleSystems":true},"in2DMode":false,"pivot":{"x":-16.8112850189209,"y":-2.3778491020202638,"z":-14.921246528625489},"rotation":{"x":0.05130213499069214,"y":-0.8937972784042358,"z":0.10596027225255966,"w":0.4327435791492462},"size":38.59376907348633,"orthographic":false}