{"cameraMode":{"drawMode":0,"name":"Shaded","section":"Shading Mode"},"sceneLighting":false,"audioPlay":false,"sceneViewState":{"showFog":true,"showMaterialUpdate":false,"showSkybox":false,"showFlares":true,"showImageEffects":true,"showParticleSystems":true},"in2DMode":false,"pivot":{"x":14.979999542236329,"y":1.1514441967010499,"z":-0.12137192487716675},"rotation":{"x":-0.19583114981651307,"y":-0.09251581877470017,"z":0.018561329692602159,"w":-0.9760873317718506},"size":4.786892890930176,"orthographic":false}