{"cameraMode":{"drawMode":0,"name":"Shaded","section":"Shading Mode"},"sceneLighting":false,"audioPlay":false,"sceneViewState":{"showFog":true,"showMaterialUpdate":false,"showSkybox":false,"showFlares":true,"showImageEffects":true,"showParticleSystems":true},"in2DMode":false,"pivot":{"x":9.65999984741211,"y":1.0199999809265137,"z":0.0},"rotation":{"x":-0.008999788202345372,"y":-0.004499802831560373,"z":-0.000040499322494724765,"w":0.9999493956565857},"size":4.041658401489258,"orthographic":true}